{
  "algorithm": "A2C",
  "attention_mechanism": "MultiHead",
  "training_data": "IEEE_06",
  "learning_rate": 0.0001,
  "gamma": 0.99,
  "episodes": 500,
  "finite_horizon": true,
  "training_date": "12-03-15-11",
  "avg_wear_margin": 134.97657662600002,
  "avg_reward": 0.2357998937368393,
  "avg_violations": 0.0,
  "avg_replacements": 1.0,
  "weighted_score": 0.42686131056558235,
  "t_ss": 15.0,
  "sigma_ss": 3.848840106916435
}