{
  "algorithm": "A2C",
  "attention_mechanism": "NW",
  "training_data": "IEEE_06",
  "learning_rate": 0.0001,
  "gamma": 0.99,
  "episodes": 500,
  "finite_horizon": true,
  "training_date": "12-03-15-11",
  "avg_wear_margin": 134.202709884,
  "avg_reward": 0.4619998633861542,
  "avg_violations": 0.0,
  "avg_replacements": 1.0,
  "weighted_score": 0.4280737865010506,
  "t_ss": 15.0,
  "sigma_ss": 4.708561523458486
}