{
  "algorithm": "A2C",
  "attention_mechanism": "SelfAttn",
  "training_data": "IEEE_03",
  "learning_rate": 0.0001,
  "gamma": 0.99,
  "episodes": 500,
  "finite_horizon": true,
  "training_date": "12-03-15-11",
  "avg_wear_margin": 194.09311425699113,
  "avg_reward": -2.773447275161743,
  "avg_violations": 0.326,
  "avg_replacements": 0.674,
  "weighted_score": 0.3095809269812283,
  "t_ss": 15.0,
  "sigma_ss": 137.44351345714153
}