{
  "algorithm": "A2C",
  "attention_mechanism": "SelfAttn",
  "training_data": "IEEE_06",
  "learning_rate": 0.0001,
  "gamma": 0.99,
  "episodes": 500,
  "finite_horizon": true,
  "training_date": "12-03-15-11",
  "avg_wear_margin": 136.836780032,
  "avg_reward": -0.33160001039505005,
  "avg_violations": 0.0,
  "avg_replacements": 1.0,
  "weighted_score": 0.42395423077011585,
  "t_ss": 15.0,
  "sigma_ss": 0.7186459825958966
}