{
  "algorithm": "A2C",
  "attention_mechanism": "MultiHead",
  "training_data": "IEEE_08",
  "learning_rate": 0.0001,
  "gamma": 0.99,
  "episodes": 500,
  "finite_horizon": true,
  "training_date": "12-03-15-11",
  "avg_wear_margin": 295.8740221709972,
  "avg_reward": -0.1486000120639801,
  "avg_violations": 0.0,
  "avg_replacements": 1.0,
  "weighted_score": 0.3598227207715875,
  "t_ss": 15.0,
  "sigma_ss": 1.5301469181433685
}