{
  "algorithm": "A2C",
  "attention_mechanism": "SelfAttn",
  "training_data": "IEEE_01",
  "learning_rate": 0.0001,
  "gamma": 0.99,
  "episodes": 500,
  "finite_horizon": true,
  "training_date": "12-03-15-11",
  "avg_wear_margin": 92.78616217600002,
  "avg_reward": 6.1436004638671875,
  "avg_violations": 0.0,
  "avg_replacements": 1.0,
  "weighted_score": 0.4991835756642632,
  "t_ss": 15.0,
  "sigma_ss": 13.91689763590934
}