{
  "algorithm": "A2C",
  "attention_mechanism": "SelfAttn",
  "training_data": "IEEE_04",
  "learning_rate": 0.0001,
  "gamma": 0.99,
  "episodes": 500,
  "finite_horizon": true,
  "training_date": "12-03-15-11",
  "avg_wear_margin": 146.21139519199997,
  "avg_reward": -0.2321999967098236,
  "avg_violations": 0.0,
  "avg_replacements": 1.0,
  "weighted_score": 0.413606462456919,
  "t_ss": 15.0,
  "sigma_ss": 3.5343658663584874
}