{
  "algorithm": "A2C",
  "attention_mechanism": "Temporal",
  "training_data": "IEEE_08",
  "learning_rate": 0.0001,
  "gamma": 0.99,
  "episodes": 500,
  "finite_horizon": true,
  "training_date": "12-03-15-11",
  "avg_wear_margin": 208.38587839540898,
  "avg_reward": 22.365758895874023,
  "avg_violations": 0.022,
  "avg_replacements": 0.978,
  "weighted_score": 0.39823048357839874,
  "t_ss": 15.0,
  "sigma_ss": 108.46733911227916
}