{
  "algorithm": "DQN",
  "attention_mechanism": "SelfAttn",
  "training_data": "IEEE_08",
  "learning_rate": 0.0001,
  "gamma": 0.99,
  "episodes": 500,
  "finite_horizon": true,
  "training_date": "12-03-15-11",
  "avg_wear_margin": 297.64894217907397,
  "avg_reward": -0.4086000323295593,
  "avg_violations": 0.0,
  "avg_replacements": 1.0,
  "weighted_score": 0.3595098759249605,
  "t_ss": 15.0,
  "sigma_ss": 0.8630808495324842
}