{
  "algorithm": "DQN",
  "attention_mechanism": "Temporal",
  "training_data": "IEEE_04",
  "learning_rate": 0.0001,
  "gamma": 0.99,
  "episodes": 500,
  "finite_horizon": true,
  "training_date": "12-03-15-11",
  "avg_wear_margin": 147.96419662199997,
  "avg_reward": -0.3916000425815582,
  "avg_violations": 0.0,
  "avg_replacements": 1.0,
  "weighted_score": 0.4115936377102576,
  "t_ss": 15.0,
  "sigma_ss": 1.7024774833628933
}