{
  "algorithm": "DQN",
  "attention_mechanism": "MultiHead",
  "training_data": "IEEE_08",
  "learning_rate": 0.0001,
  "gamma": 0.99,
  "episodes": 500,
  "finite_horizon": true,
  "training_date": "12-03-15-11",
  "avg_wear_margin": 297.5493669191647,
  "avg_reward": -0.39399999380111694,
  "avg_violations": 0.0,
  "avg_replacements": 1.0,
  "weighted_score": 0.3595274177528299,
  "t_ss": 15.0,
  "sigma_ss": 0.9872230340975268
}