{
  "algorithm": "DQN",
  "attention_mechanism": "Temporal",
  "training_data": "IEEE_01",
  "learning_rate": 0.0001,
  "gamma": 0.99,
  "episodes": 500,
  "finite_horizon": true,
  "training_date": "12-03-15-11",
  "avg_wear_margin": 100.93406411199999,
  "avg_reward": -0.4009999930858612,
  "avg_violations": 0.0,
  "avg_replacements": 1.0,
  "weighted_score": 0.4763845062750564,
  "t_ss": 15.0,
  "sigma_ss": 0.330370633481607
}