{
  "algorithm": "DQN",
  "attention_mechanism": "NW",
  "training_data": "IEEE_08",
  "learning_rate": 0.0001,
  "gamma": 0.99,
  "episodes": 500,
  "finite_horizon": true,
  "training_date": "12-03-15-11",
  "avg_wear_margin": 297.56842834646096,
  "avg_reward": -0.3967999815940857,
  "avg_violations": 0.0,
  "avg_replacements": 1.0,
  "weighted_score": 0.3595240524926583,
  "t_ss": 15.0,
  "sigma_ss": 0.9695627590874881
}