{
  "algorithm": "DQN",
  "attention_mechanism": "MultiHead",
  "training_data": "IEEE_04",
  "learning_rate": 0.0001,
  "gamma": 0.99,
  "episodes": 500,
  "finite_horizon": true,
  "training_date": "12-03-15-11",
  "avg_wear_margin": 147.90372298199998,
  "avg_reward": -0.38979998230934143,
  "avg_violations": 0.0,
  "avg_replacements": 1.0,
  "weighted_score": 0.4116579493716461,
  "t_ss": 15.0,
  "sigma_ss": 1.7593123972496716
}