{
  "algorithm": "DQN",
  "attention_mechanism": "MultiHead",
  "training_data": "IEEE_06",
  "learning_rate": 0.0001,
  "gamma": 0.99,
  "episodes": 500,
  "finite_horizon": true,
  "training_date": "12-03-15-11",
  "avg_wear_margin": 137.03196163600003,
  "avg_reward": -0.39719998836517334,
  "avg_violations": 0.0,
  "avg_replacements": 1.0,
  "weighted_score": 0.4236448431609281,
  "t_ss": 15.0,
  "sigma_ss": 0.49041542897590534
}