{
  "algorithm": "DQN",
  "attention_mechanism": "SelfAttn",
  "training_data": "IEEE_01",
  "learning_rate": 0.0001,
  "gamma": 0.99,
  "episodes": 500,
  "finite_horizon": true,
  "training_date": "12-03-15-11",
  "avg_wear_margin": 100.90653771000001,
  "avg_reward": -0.394400030374527,
  "avg_violations": 0.0,
  "avg_replacements": 1.0,
  "weighted_score": 0.4764409090221048,
  "t_ss": 15.0,
  "sigma_ss": 0.4803715763068693
}