{
  "algorithm": "DQN",
  "attention_mechanism": "NW",
  "training_data": "IEEE_01",
  "learning_rate": 0.0001,
  "gamma": 0.99,
  "episodes": 500,
  "finite_horizon": true,
  "training_date": "12-03-15-11",
  "avg_wear_margin": 100.934043628,
  "avg_reward": -0.40140002965927124,
  "avg_violations": 0.0,
  "avg_replacements": 1.0,
  "weighted_score": 0.4763840580639669,
  "t_ss": 15.0,
  "sigma_ss": 0.329728520166608
}