{
  "algorithm": "DQN",
  "attention_mechanism": "Temporal",
  "training_data": "IEEE_08",
  "learning_rate": 0.0001,
  "gamma": 0.99,
  "episodes": 500,
  "finite_horizon": true,
  "training_date": "12-03-15-11",
  "avg_wear_margin": 297.5803770356521,
  "avg_reward": -0.3986000120639801,
  "avg_violations": 0.0,
  "avg_replacements": 1.0,
  "weighted_score": 0.35952188869981755,
  "t_ss": 15.0,
  "sigma_ss": 1.0212462533373596
}