{
  "algorithm": "PPO",
  "attention_mechanism": "SelfAttn",
  "training_data": "IEEE_08",
  "learning_rate": 0.0001,
  "gamma": 0.99,
  "episodes": 500,
  "finite_horizon": true,
  "training_date": "12-03-15-11",
  "avg_wear_margin": 297.5401075064356,
  "avg_reward": -0.39260002970695496,
  "avg_violations": 0.0,
  "avg_replacements": 1.0,
  "weighted_score": 0.35952910406487715,
  "t_ss": 15.0,
  "sigma_ss": 0.9083460416675031
}