{
  "algorithm": "PPO",
  "attention_mechanism": "SelfAttn",
  "training_data": "IEEE_04",
  "learning_rate": 0.0001,
  "gamma": 0.99,
  "episodes": 500,
  "finite_horizon": true,
  "training_date": "12-03-15-11",
  "avg_wear_margin": 148.08993715399998,
  "avg_reward": -0.4076000154018402,
  "avg_violations": 0.0,
  "avg_replacements": 1.0,
  "weighted_score": 0.411445367569658,
  "t_ss": 15.0,
  "sigma_ss": 1.378568439659885
}