{
  "algorithm": "PPO",
  "attention_mechanism": "Temporal",
  "training_data": "IEEE_08",
  "learning_rate": 0.0001,
  "gamma": 0.99,
  "episodes": 500,
  "finite_horizon": true,
  "training_date": "12-03-15-11",
  "avg_wear_margin": 297.609568073953,
  "avg_reward": -0.4027999937534332,
  "avg_violations": 0.0,
  "avg_replacements": 1.0,
  "weighted_score": 0.35951684460299527,
  "t_ss": 15.0,
  "sigma_ss": 0.8772850599790778
}