{
  "algorithm": "PPO",
  "attention_mechanism": "MultiHead",
  "training_data": "IEEE_04",
  "learning_rate": 0.0001,
  "gamma": 0.99,
  "episodes": 500,
  "finite_horizon": true,
  "training_date": "12-03-15-11",
  "avg_wear_margin": 148.04064887799998,
  "avg_reward": -0.4002000093460083,
  "avg_violations": 0.0,
  "avg_replacements": 1.0,
  "weighted_score": 0.4115048203079989,
  "t_ss": 15.0,
  "sigma_ss": 1.64068036524665
}