{
  "algorithm": "PPO",
  "attention_mechanism": "NW",
  "training_data": "IEEE_01",
  "learning_rate": 0.0001,
  "gamma": 0.99,
  "episodes": 500,
  "finite_horizon": true,
  "training_date": "12-03-15-11",
  "avg_wear_margin": 100.94209478000002,
  "avg_reward": -0.4068000316619873,
  "avg_violations": 0.0,
  "avg_replacements": 1.0,
  "weighted_score": 0.4763634005774824,
  "t_ss": 15.0,
  "sigma_ss": 0.33003364797858525
}