{
  "algorithm": "PPO",
  "attention_mechanism": "NW",
  "training_data": "IEEE_04",
  "learning_rate": 0.0001,
  "gamma": 0.99,
  "episodes": 500,
  "finite_horizon": true,
  "training_date": "12-03-15-11",
  "avg_wear_margin": 147.89674127799998,
  "avg_reward": -0.38359999656677246,
  "avg_violations": 0.0,
  "avg_replacements": 1.0,
  "weighted_score": 0.4116725710398783,
  "t_ss": 15.0,
  "sigma_ss": 1.7814604787543031
}