{
  "algorithm": "REINFORCE",
  "attention_mechanism": "SelfAttn",
  "training_data": "IEEE_04",
  "learning_rate": 0.0001,
  "gamma": 0.99,
  "episodes": 500,
  "finite_horizon": true,
  "training_date": "12-03-15-11",
  "avg_wear_margin": 148.09153518199997,
  "avg_reward": -0.4044000208377838,
  "avg_violations": 0.0,
  "avg_replacements": 1.0,
  "weighted_score": 0.4114475731015842,
  "t_ss": 15.0,
  "sigma_ss": 1.4787147980516204
}