{
  "algorithm": "A2C",
  "attention_mechanism": "MultiHead",
  "training_data": "SIT_15",
  "learning_rate": 0.0001,
  "gamma": 0.99,
  "episodes": 500,
  "finite_horizon": true,
  "training_date": "05-03-14-53",
  "avg_wear_margin": 119.96058000000001,
  "avg_reward": -18.637195587158203,
  "avg_violations": 0.402,
  "avg_replacements": 0.598,
  "weighted_score": 0.35040456561273425,
  "t_ss": 15.0,
  "sigma_ss": 110.80775520444587
}