{
  "algorithm": "A2C",
  "attention_mechanism": "SelfAttn",
  "training_data": "SIT_19",
  "learning_rate": 0.0001,
  "gamma": 0.99,
  "episodes": 500,
  "finite_horizon": true,
  "training_date": "05-03-14-53",
  "avg_wear_margin": 102.20065999999997,
  "avg_reward": 24.48577880859375,
  "avg_violations": 0.0,
  "avg_replacements": 0.424,
  "weighted_score": 0.5040320632639984,
  "t_ss": 15.0,
  "sigma_ss": 108.58160993039972
}