{
  "algorithm": "A2C",
  "attention_mechanism": "Temporal",
  "training_data": "SIT_19",
  "learning_rate": 0.0001,
  "gamma": 0.99,
  "episodes": 500,
  "finite_horizon": true,
  "training_date": "05-03-14-53",
  "avg_wear_margin": 162.51328000000004,
  "avg_reward": 15.520597457885742,
  "avg_violations": 0.0,
  "avg_replacements": 0.78,
  "weighted_score": 0.4171262990121005,
  "t_ss": 15.0,
  "sigma_ss": 98.35687888738457
}