{
  "algorithm": "A2C",
  "attention_mechanism": "MultiHead",
  "training_data": "SIT_17",
  "learning_rate": 0.0001,
  "gamma": 0.99,
  "episodes": 500,
  "finite_horizon": true,
  "training_date": "05-03-14-53",
  "avg_wear_margin": 121.49221999999999,
  "avg_reward": 21.49138832092285,
  "avg_violations": 0.0,
  "avg_replacements": 0.572,
  "weighted_score": 0.4700586333179948,
  "t_ss": 15.0,
  "sigma_ss": 103.67073661676041
}