{
  "algorithm": "A2C",
  "attention_mechanism": "NW",
  "training_data": "SIT_19",
  "learning_rate": 0.0001,
  "gamma": 0.99,
  "episodes": 500,
  "finite_horizon": true,
  "training_date": "05-03-14-53",
  "avg_wear_margin": 143.84402000000003,
  "avg_reward": 20.941198348999023,
  "avg_violations": 0.0,
  "avg_replacements": 0.78,
  "weighted_score": 0.4415415239919209,
  "t_ss": 15.0,
  "sigma_ss": 96.64376646273315
}