{
  "algorithm": "DQN",
  "attention_mechanism": "NW",
  "training_data": "SIT_17",
  "learning_rate": 0.0001,
  "gamma": 0.99,
  "episodes": 500,
  "finite_horizon": true,
  "training_date": "05-03-14-53",
  "avg_wear_margin": 229.92999999999998,
  "avg_reward": -0.3986000120639801,
  "avg_violations": 0.0,
  "avg_replacements": 1.0,
  "weighted_score": 0.3646184200106054,
  "t_ss": 15.0,
  "sigma_ss": 2.842170943040401e-14
}