{
  "algorithm": "PPO",
  "attention_mechanism": "Temporal",
  "training_data": "SIT_15",
  "learning_rate": 0.0001,
  "gamma": 0.99,
  "episodes": 500,
  "finite_horizon": true,
  "training_date": "05-03-14-53",
  "avg_wear_margin": 243.07000000000002,
  "avg_reward": -0.40940001606941223,
  "avg_violations": 0.0,
  "avg_replacements": 1.0,
  "weighted_score": 0.3622422266837474,
  "t_ss": 15.0,
  "sigma_ss": 2.842170943040401e-14
}