{
  "algorithm": "REINFORCE",
  "attention_mechanism": "SelfAttn",
  "training_data": "SIT_15",
  "learning_rate": 0.0001,
  "gamma": 0.99,
  "episodes": 500,
  "finite_horizon": true,
  "training_date": "05-03-14-53",
  "avg_wear_margin": 243.05978000000002,
  "avg_reward": -0.4007999897003174,
  "avg_violations": 0.0,
  "avg_replacements": 1.0,
  "weighted_score": 0.3622540181476999,
  "t_ss": 15.0,
  "sigma_ss": 0.23179381443298894
}