{
  "algorithm": "A2C",
  "attention_mechanism": "MultiHead",
  "training_data": "SIT_12",
  "learning_rate": 0.0001,
  "gamma": 0.99,
  "episodes": 500,
  "finite_horizon": true,
  "training_date": "01-03-20-07",
  "avg_wear_margin": 121.01049999999996,
  "avg_reward": -20.257198333740234,
  "avg_violations": 0.414,
  "avg_replacements": 0.586,
  "weighted_score": 0.34566705231230976,
  "t_ss": 15.0,
  "sigma_ss": 112.85179910024273
}