{
  "algorithm": "A2C",
  "attention_mechanism": "Temporal",
  "training_data": "SIT_10",
  "learning_rate": 0.0001,
  "gamma": 0.99,
  "episodes": 500,
  "finite_horizon": true,
  "training_date": "01-03-20-07",
  "avg_wear_margin": 189.61792000000003,
  "avg_reward": -0.5773977041244507,
  "avg_violations": 0.082,
  "avg_replacements": 0.918,
  "weighted_score": 0.3573576751440952,
  "t_ss": 15.0,
  "sigma_ss": 72.34669194946673
}