{
  "algorithm": "A2C",
  "attention_mechanism": "SelfAttn",
  "training_data": "SIT_10",
  "learning_rate": 0.0001,
  "gamma": 0.99,
  "episodes": 500,
  "finite_horizon": true,
  "training_date": "01-03-20-07",
  "avg_wear_margin": 117.93978000000001,
  "avg_reward": -25.242406845092773,
  "avg_violations": 0.442,
  "avg_replacements": 0.558,
  "weighted_score": 0.3412473581887948,
  "t_ss": 15.0,
  "sigma_ss": 108.57737924482602
}