{
  "algorithm": "A2C",
  "attention_mechanism": "NW",
  "training_data": "SIT_8",
  "learning_rate": 0.0001,
  "gamma": 0.99,
  "episodes": 500,
  "finite_horizon": true,
  "training_date": "01-03-20-07",
  "avg_wear_margin": 117.2203,
  "avg_reward": -20.07360076904297,
  "avg_violations": 0.422,
  "avg_replacements": 0.578,
  "weighted_score": 0.35055747387939795,
  "t_ss": 15.0,
  "sigma_ss": 111.45035683833439
}