{
  "algorithm": "A2C",
  "attention_mechanism": "SelfAttn",
  "training_data": "SIT_8",
  "learning_rate": 0.0001,
  "gamma": 0.99,
  "episodes": 500,
  "finite_horizon": true,
  "training_date": "01-03-20-07",
  "avg_wear_margin": 107.94005999999999,
  "avg_reward": -32.01280975341797,
  "avg_violations": 0.538,
  "avg_replacements": 0.462,
  "weighted_score": 0.3399535066257452,
  "t_ss": 15.0,
  "sigma_ss": 117.99438698331764
}