{
  "algorithm": "A2C",
  "attention_mechanism": "MultiHead",
  "training_data": "SIT_10",
  "learning_rate": 0.0001,
  "gamma": 0.99,
  "episodes": 500,
  "finite_horizon": true,
  "training_date": "01-03-20-07",
  "avg_wear_margin": 114.38040000000001,
  "avg_reward": -18.99300193786621,
  "avg_violations": 0.4,
  "avg_replacements": 0.6,
  "weighted_score": 0.358486501551889,
  "t_ss": 15.0,
  "sigma_ss": 103.29812139603222
}