{
  "algorithm": "A2C",
  "attention_mechanism": "Temporal",
  "training_data": "SIT_8",
  "learning_rate": 0.0001,
  "gamma": 0.99,
  "episodes": 500,
  "finite_horizon": true,
  "training_date": "01-03-20-07",
  "avg_wear_margin": 167.94325999999995,
  "avg_reward": -14.113401412963867,
  "avg_violations": 0.268,
  "avg_replacements": 0.732,
  "weighted_score": 0.3204752679624953,
  "t_ss": 15.0,
  "sigma_ss": 108.74739105153202
}