{
  "algorithm": "DQN",
  "attention_mechanism": "NW",
  "training_data": "SIT_8",
  "learning_rate": 0.0001,
  "gamma": 0.99,
  "episodes": 500,
  "finite_horizon": true,
  "training_date": "01-03-20-07",
  "avg_wear_margin": 245.96517999999995,
  "avg_reward": -0.4068000316619873,
  "avg_violations": 0.0,
  "avg_replacements": 1.0,
  "weighted_score": 0.3618491559259385,
  "t_ss": 15.0,
  "sigma_ss": 0.5629278350515474
}