{
  "algorithm": "DQN",
  "attention_mechanism": "NW",
  "training_data": "SIT_12",
  "learning_rate": 0.0001,
  "gamma": 0.99,
  "episodes": 500,
  "finite_horizon": true,
  "training_date": "01-03-20-07",
  "avg_wear_margin": 246.69809999999993,
  "avg_reward": -0.40060001611709595,
  "avg_violations": 0.0,
  "avg_replacements": 1.0,
  "weighted_score": 0.36176277057264944,
  "t_ss": 15.0,
  "sigma_ss": 0.49670103092783585
}