{
  "algorithm": "PPO",
  "attention_mechanism": "MultiHead",
  "training_data": "SIT_12",
  "learning_rate": 0.0001,
  "gamma": 0.99,
  "episodes": 500,
  "finite_horizon": true,
  "training_date": "01-03-20-07",
  "avg_wear_margin": 246.67619999999997,
  "avg_reward": -0.4065999984741211,
  "avg_violations": 0.0,
  "avg_replacements": 1.0,
  "weighted_score": 0.3617583397782075,
  "t_ss": 15.0,
  "sigma_ss": 0.49670103092783596
}