{
  "algorithm": "A2C",
  "attention_mechanism": null,
  "training_data": "IEEE_01",
  "learning_rate": 0.0005,
  "gamma": 0.95,
  "episodes": 300,
  "finite_horizon": true,
  "training_date": "17-02-15-05",
  "avg_wear_margin": 90.17317170000001,
  "avg_reward": 11.844000026583672,
  "avg_violations": 0.0,
  "avg_replacements": 1.0,
  "weighted_score": 0.5110736633150498,
  "t_ss": 15.0,
  "sigma_ss": 8.230230130916324
}