{
  "algorithm": "A2C",
  "attention_mechanism": null,
  "training_data": "IEEE_06",
  "learning_rate": 0.0005,
  "gamma": 0.95,
  "episodes": 300,
  "finite_horizon": true,
  "training_date": "17-02-15-05",
  "avg_wear_margin": 127.48856673000002,
  "avg_reward": 2.570000045746565,
  "avg_violations": 0.0,
  "avg_replacements": 1.0,
  "weighted_score": 0.4391428715566771,
  "t_ss": 15.0,
  "sigma_ss": 3.5618742390773854
}