{
  "algorithm": "A2C",
  "attention_mechanism": null,
  "training_data": "IEEE_04",
  "learning_rate": 0.0005,
  "gamma": 0.9,
  "episodes": 300,
  "finite_horizon": true,
  "training_date": "17-02-15-05",
  "avg_wear_margin": 108.51886784666668,
  "avg_reward": 25.491000268384813,
  "avg_violations": 0.0,
  "avg_replacements": 1.0,
  "weighted_score": 0.4945989825493656,
  "t_ss": 15.0,
  "sigma_ss": 21.37960846541051
}