{
  "algorithm": "A2C",
  "attention_mechanism": null,
  "training_data": "IEEE_06",
  "learning_rate": 0.001,
  "gamma": 0.9,
  "episodes": 300,
  "finite_horizon": true,
  "training_date": "17-02-15-05",
  "avg_wear_margin": 126.91041942000001,
  "avg_reward": 2.7666667153437934,
  "avg_violations": 0.0,
  "avg_replacements": 1.0,
  "weighted_score": 0.4401461383852925,
  "t_ss": 15.0,
  "sigma_ss": 2.034863703907663
}