{
  "algorithm": "A2C",
  "attention_mechanism": null,
  "training_data": "IEEE_01",
  "learning_rate": 0.001,
  "gamma": 0.95,
  "episodes": 300,
  "finite_horizon": true,
  "training_date": "17-02-15-05",
  "avg_wear_margin": 86.55900624666667,
  "avg_reward": 16.14666670103868,
  "avg_violations": 0.0,
  "avg_replacements": 1.0,
  "weighted_score": 0.5234314621506662,
  "t_ss": 60.0,
  "sigma_ss": 3.634617804516131
}