{
  "algorithm": "A2C",
  "attention_mechanism": null,
  "training_data": "IEEE_04",
  "learning_rate": 0.001,
  "gamma": 0.95,
  "episodes": 300,
  "finite_horizon": true,
  "training_date": "17-02-15-05",
  "avg_wear_margin": 105.81321405333334,
  "avg_reward": 27.26166696143647,
  "avg_violations": 0.0,
  "avg_replacements": 1.0,
  "weighted_score": 0.501195392051133,
  "t_ss": 15.0,
  "sigma_ss": 20.42166700685701
}