{
  "algorithm": "A2C",
  "attention_mechanism": null,
  "training_data": "IEEE_01",
  "learning_rate": 0.001,
  "gamma": 0.9,
  "episodes": 300,
  "finite_horizon": true,
  "training_date": "17-02-15-05",
  "avg_wear_margin": 86.08079642666668,
  "avg_reward": 16.81466670205196,
  "avg_violations": 0.0,
  "avg_replacements": 1.0,
  "weighted_score": 0.5252034923538971,
  "t_ss": 109.0,
  "sigma_ss": 2.0598474263458404
}