{
  "algorithm": "DQN",
  "attention_mechanism": null,
  "training_data": "IEEE_01",
  "learning_rate": 0.0005,
  "gamma": 0.95,
  "episodes": 300,
  "finite_horizon": true,
  "training_date": "17-02-15-05",
  "avg_wear_margin": 100.95051696333333,
  "avg_reward": -0.4123333320269982,
  "avg_violations": 0.0,
  "avg_replacements": 1.0,
  "weighted_score": 0.47634192881820625,
  "t_ss": 15.0,
  "sigma_ss": 0.3120409376031205
}