{
  "algorithm": "DQN",
  "attention_mechanism": null,
  "training_data": "IEEE_04",
  "learning_rate": 0.001,
  "gamma": 0.9,
  "episodes": 300,
  "finite_horizon": true,
  "training_date": "17-02-15-05",
  "avg_wear_margin": 148.03713620333332,
  "avg_reward": -0.3969999984651804,
  "avg_violations": 0.0,
  "avg_replacements": 1.0,
  "weighted_score": 0.4115122613987581,
  "t_ss": 15.0,
  "sigma_ss": 1.3769406919719895
}