{
  "algorithm": "DQN",
  "attention_mechanism": null,
  "training_data": "IEEE_06",
  "learning_rate": 0.0005,
  "gamma": 0.95,
  "episodes": 300,
  "finite_horizon": true,
  "training_date": "17-02-15-05",
  "avg_wear_margin": 137.01300787666668,
  "avg_reward": -0.3889999983459711,
  "avg_violations": 0.0,
  "avg_replacements": 1.0,
  "weighted_score": 0.4236770557636663,
  "t_ss": 15.0,
  "sigma_ss": 0.571293685990836
}