{
  "algorithm": "DQN",
  "attention_mechanism": null,
  "training_data": "IEEE_01",
  "learning_rate": 0.001,
  "gamma": 0.9,
  "episodes": 300,
  "finite_horizon": true,
  "training_date": "17-02-15-05",
  "avg_wear_margin": 100.91885065333334,
  "avg_reward": -0.3926666650672754,
  "avg_violations": 0.0,
  "avg_replacements": 1.0,
  "weighted_score": 0.47642129952400303,
  "t_ss": 15.0,
  "sigma_ss": 0.33355694275023456
}