{
  "algorithm": "DQN",
  "attention_mechanism": null,
  "training_data": "IEEE_04",
  "learning_rate": 0.0005,
  "gamma": 0.9,
  "episodes": 300,
  "finite_horizon": true,
  "training_date": "17-02-15-05",
  "avg_wear_margin": 148.01919061666666,
  "avg_reward": -0.3949999984353781,
  "avg_violations": 0.0,
  "avg_replacements": 1.0,
  "weighted_score": 0.41153308189678284,
  "t_ss": 15.0,
  "sigma_ss": 1.7068065499636358
}