{
  "algorithm": "DQN",
  "attention_mechanism": null,
  "training_data": "IEEE_06",
  "learning_rate": 0.001,
  "gamma": 0.95,
  "episodes": 300,
  "finite_horizon": true,
  "training_date": "17-02-15-05",
  "avg_wear_margin": 137.0265169666667,
  "avg_reward": -0.39666666512688004,
  "avg_violations": 0.0,
  "avg_replacements": 1.0,
  "weighted_score": 0.4236519074975421,
  "t_ss": 15.0,
  "sigma_ss": 0.5575621157364153
}