{
  "algorithm": "PPO",
  "attention_mechanism": null,
  "training_data": "IEEE_01",
  "learning_rate": 0.0005,
  "gamma": 0.95,
  "episodes": 300,
  "finite_horizon": true,
  "training_date": "17-02-15-05",
  "avg_wear_margin": 100.92861134666668,
  "avg_reward": -0.3993333318332831,
  "avg_violations": 0.0,
  "avg_replacements": 1.0,
  "weighted_score": 0.47639610709899494,
  "t_ss": 15.0,
  "sigma_ss": 0.30598760469420927
}