{
  "algorithm": "PPO",
  "attention_mechanism": "Temporal",
  "training_data": "IEEE_01",
  "learning_rate": 0.001,
  "gamma": 0.95,
  "episodes": 300,
  "finite_horizon": true,
  "training_date": "17-02-15-36",
  "avg_wear_margin": 100.91224818666667,
  "avg_reward": -0.38966666502257186,
  "avg_violations": 0.0,
  "avg_replacements": 1.0,
  "weighted_score": 0.4764365300239354,
  "t_ss": 15.0,
  "sigma_ss": 0.32011047317704644
}