{
  "algorithm": "PPO",
  "attention_mechanism": "SelfAttn",
  "training_data": "IEEE_04",
  "learning_rate": 0.001,
  "gamma": 0.95,
  "episodes": 300,
  "finite_horizon": true,
  "training_date": "17-02-15-36",
  "avg_wear_margin": 147.83503846666665,
  "avg_reward": -0.38799999833106996,
  "avg_violations": 0.0,
  "avg_replacements": 1.0,
  "weighted_score": 0.41173075892199673,
  "t_ss": 15.0,
  "sigma_ss": 2.0722008200357065
}