{
  "algorithm": "PPO",
  "attention_mechanism": null,
  "training_data": "IEEE_01",
  "learning_rate": 0.001,
  "gamma": 0.9,
  "episodes": 300,
  "finite_horizon": true,
  "training_date": "17-02-15-05",
  "avg_wear_margin": 100.93451283000002,
  "avg_reward": -0.3999999985098839,
  "avg_violations": 0.0,
  "avg_replacements": 1.0,
  "weighted_score": 0.47638491308051856,
  "t_ss": 15.0,
  "sigma_ss": 0.33002277482967995
}