{
  "algorithm": "PPO",
  "attention_mechanism": null,
  "training_data": "IEEE_01",
  "learning_rate": 0.0005,
  "gamma": 0.9,
  "episodes": 300,
  "finite_horizon": true,
  "training_date": "17-02-15-05",
  "avg_wear_margin": 100.91310688000002,
  "avg_reward": -0.39433333175877733,
  "avg_violations": 0.0,
  "avg_replacements": 1.0,
  "weighted_score": 0.4764294173587602,
  "t_ss": 15.0,
  "sigma_ss": 0.36527459831163267
}