{
  "algorithm": "PPO",
  "attention_mechanism": null,
  "training_data": "IEEE_06",
  "learning_rate": 0.001,
  "gamma": 0.9,
  "episodes": 300,
  "finite_horizon": true,
  "training_date": "17-02-15-05",
  "avg_wear_margin": 137.02838966666667,
  "avg_reward": -0.4049999985843897,
  "avg_violations": 0.0,
  "avg_replacements": 1.0,
  "weighted_score": 0.42363969687483943,
  "t_ss": 15.0,
  "sigma_ss": 0.49654595108455146
}