{
  "algorithm": "PPO",
  "attention_mechanism": null,
  "training_data": "IEEE_06",
  "learning_rate": 0.0005,
  "gamma": 0.9,
  "episodes": 300,
  "finite_horizon": true,
  "training_date": "17-02-15-05",
  "avg_wear_margin": 137.03697841666667,
  "avg_reward": -0.39799999848008155,
  "avg_violations": 0.0,
  "avg_replacements": 1.0,
  "weighted_score": 0.42363795896408163,
  "t_ss": 15.0,
  "sigma_ss": 0.47591261702674825
}