{
  "algorithm": "PPO",
  "attention_mechanism": "NW",
  "training_data": "IEEE_04",
  "learning_rate": 0.001,
  "gamma": 0.95,
  "episodes": 300,
  "finite_horizon": true,
  "training_date": "17-02-15-36",
  "avg_wear_margin": 148.00592322666662,
  "avg_reward": -0.4066666652758916,
  "avg_violations": 0.0,
  "avg_replacements": 1.0,
  "weighted_score": 0.4115327031914713,
  "t_ss": 15.0,
  "sigma_ss": 1.6819813629076013
}