{
  "algorithm": "PPO",
  "attention_mechanism": "NW",
  "training_data": "IEEE_06",
  "learning_rate": 0.001,
  "gamma": 0.95,
  "episodes": 300,
  "finite_horizon": true,
  "training_date": "17-02-15-36",
  "avg_wear_margin": 137.04096962666668,
  "avg_reward": -0.40533333192269005,
  "avg_violations": 0.0,
  "avg_replacements": 1.0,
  "weighted_score": 0.42362444821932316,
  "t_ss": 15.0,
  "sigma_ss": 0.5605118120687848
}