{
  "algorithm": "PPO",
  "attention_mechanism": "Temporal",
  "training_data": "IEEE_04",
  "learning_rate": 0.001,
  "gamma": 0.95,
  "episodes": 300,
  "finite_horizon": true,
  "training_date": "17-02-15-36",
  "avg_wear_margin": 147.8552304533333,
  "avg_reward": -0.38566666496296725,
  "avg_violations": 0.0,
  "avg_replacements": 1.0,
  "weighted_score": 0.4117127826213295,
  "t_ss": 15.0,
  "sigma_ss": 1.7398468021242692
}