{
  "algorithm": "PPO",
  "attention_mechanism": null,
  "training_data": "IEEE_04",
  "learning_rate": 0.001,
  "gamma": 0.95,
  "episodes": 300,
  "finite_horizon": true,
  "training_date": "17-02-15-05",
  "avg_wear_margin": 148.16913857999998,
  "avg_reward": -0.40899999864399433,
  "avg_violations": 0.0,
  "avg_replacements": 1.0,
  "weighted_score": 0.4113624993658963,
  "t_ss": 15.0,
  "sigma_ss": 1.2065563783543038
}