{
  "algorithm": "PPO",
  "attention_mechanism": "MultiHead",
  "training_data": "IEEE_04",
  "learning_rate": 0.001,
  "gamma": 0.95,
  "episodes": 300,
  "finite_horizon": true,
  "training_date": "17-02-15-36",
  "avg_wear_margin": 148.1066645033333,
  "avg_reward": -0.4033333318928877,
  "avg_violations": 0.0,
  "avg_replacements": 1.0,
  "weighted_score": 0.4114333341763601,
  "t_ss": 15.0,
  "sigma_ss": 1.5080791634658006
}