{
  "algorithm": "REINFORCE",
  "attention_mechanism": "NW",
  "training_data": "IEEE_04",
  "learning_rate": 0.001,
  "gamma": 0.95,
  "episodes": 300,
  "finite_horizon": true,
  "training_date": "17-02-15-36",
  "avg_wear_margin": 148.14054085999996,
  "avg_reward": -0.40566666526099043,
  "avg_violations": 0.0,
  "avg_replacements": 1.0,
  "weighted_score": 0.4113958049783706,
  "t_ss": 15.0,
  "sigma_ss": 1.4521328491828578
}