{
  "algorithm": "REINFORCE",
  "attention_mechanism": "SelfAttn",
  "training_data": "IEEE_06",
  "learning_rate": 0.001,
  "gamma": 0.95,
  "episodes": 300,
  "finite_horizon": true,
  "training_date": "17-02-15-36",
  "avg_wear_margin": 137.09048033333335,
  "avg_reward": -0.4149999987334013,
  "avg_violations": 0.0,
  "avg_replacements": 1.0,
  "weighted_score": 0.42355443091443884,
  "t_ss": 15.0,
  "sigma_ss": 0.39488601221991104
}