{
  "algorithm": "REINFORCE",
  "attention_mechanism": "NW",
  "training_data": "SIT_15",
  "learning_rate": 0.0005,
  "gamma": 0.95,
  "episodes": 300,
  "finite_horizon": true,
  "training_date": "17-02-16-27",
  "avg_wear_margin": 243.0529666666666,
  "avg_reward": -0.386333331639568,
  "avg_violations": 0.0,
  "avg_replacements": 1.0,
  "weighted_score": 0.36227235872034946,
  "t_ss": 15.0,
  "sigma_ss": 0.3021587743223233
}