{
  "algorithm": "REINFORCE",
  "attention_mechanism": null,
  "training_data": "IEEE_04",
  "learning_rate": 0.0005,
  "gamma": 0.9,
  "episodes": 300,
  "finite_horizon": true,
  "training_date": "17-02-15-05",
  "avg_wear_margin": 147.9346674633333,
  "avg_reward": -0.39333333174387614,
  "avg_violations": 0.0,
  "avg_replacements": 1.0,
  "weighted_score": 0.4116219003785518,
  "t_ss": 15.0,
  "sigma_ss": 1.6837987880423773
}