{
  "algorithm": "REINFORCE",
  "attention_mechanism": "MultiHead",
  "training_data": "SIT_10",
  "learning_rate": 0.0005,
  "gamma": 0.95,
  "episodes": 300,
  "finite_horizon": true,
  "training_date": "17-02-16-27",
  "avg_wear_margin": 224.08999999999995,
  "avg_reward": -0.3996666651715835,
  "avg_violations": 0.0,
  "avg_replacements": 1.0,
  "weighted_score": 0.3660006714991423,
  "t_ss": 15.0,
  "sigma_ss": 2.842170943040401e-14
}