{
  "algorithm": "REINFORCE",
  "attention_mechanism": null,
  "training_data": "IEEE_01",
  "learning_rate": 0.001,
  "gamma": 0.9,
  "episodes": 300,
  "finite_horizon": true,
  "training_date": "17-02-15-05",
  "avg_wear_margin": 100.90474815333333,
  "avg_reward": -0.3949999984353781,
  "avg_violations": 0.0,
  "avg_replacements": 1.0,
  "weighted_score": 0.47644334255793064,
  "t_ss": 15.0,
  "sigma_ss": 0.34737616444278363
}