{
  "algorithm": "REINFORCE",
  "attention_mechanism": "Temporal",
  "training_data": "IEEE_01",
  "learning_rate": 0.001,
  "gamma": 0.95,
  "episodes": 300,
  "finite_horizon": true,
  "training_date": "17-02-15-36",
  "avg_wear_margin": 100.92825232000001,
  "avg_reward": -0.3999999985098839,
  "avg_violations": 0.0,
  "avg_replacements": 1.0,
  "weighted_score": 0.4763959394564687,
  "t_ss": 15.0,
  "sigma_ss": 0.3094917676925208
}