{
  "algorithm": "REINFORCE",
  "attention_mechanism": null,
  "training_data": "IEEE_04",
  "learning_rate": 0.001,
  "gamma": 0.95,
  "episodes": 300,
  "finite_horizon": true,
  "training_date": "17-02-15-05",
  "avg_wear_margin": 147.98092341666663,
  "avg_reward": -0.3963333317885796,
  "avg_violations": 0.0,
  "avg_replacements": 1.0,
  "weighted_score": 0.4115707763292116,
  "t_ss": 15.0,
  "sigma_ss": 1.6411245821067395
}