{
  "algorithm": "REINFORCE",
  "attention_mechanism": "NW",
  "training_data": "IEEE_06",
  "learning_rate": 0.001,
  "gamma": 0.95,
  "episodes": 300,
  "finite_horizon": true,
  "training_date": "17-02-15-36",
  "avg_wear_margin": 137.02389835000002,
  "avg_reward": -0.4046666652460893,
  "avg_violations": 0.0,
  "avg_replacements": 1.0,
  "weighted_score": 0.4236453987200161,
  "t_ss": 15.0,
  "sigma_ss": 0.47591261702674825
}