{
  "algorithm": "REINFORCE",
  "attention_mechanism": null,
  "training_data": "IEEE_04",
  "learning_rate": 0.001,
  "gamma": 0.9,
  "episodes": 300,
  "finite_horizon": true,
  "training_date": "17-02-15-05",
  "avg_wear_margin": 147.96307407666663,
  "avg_reward": -0.3926666650672754,
  "avg_violations": 0.0,
  "avg_replacements": 1.0,
  "weighted_score": 0.41159351157844204,
  "t_ss": 15.0,
  "sigma_ss": 1.6953465217944272
}