{
  "algorithm": "DQN",
  "attention_mechanism": null,
  "training_data": "IEEE_04",
  "learning_rate": 0.0005,
  "gamma": 0.95,
  "episodes": 300,
  "finite_horizon": true,
  "training_date": "21-02-11-01",
  "avg_wear_margin": 148.16105357999996,
  "avg_reward": -0.40999999865889547,
  "avg_violations": 0.0,
  "avg_replacements": 1.0,
  "weighted_score": 0.41136958337835244,
  "t_ss": 15.0,
  "sigma_ss": 1.3276070527933612
}