{
  "algorithm": "DQN",
  "attention_mechanism": null,
  "training_data": "IEEE_06",
  "learning_rate": 0.0005,
  "gamma": 0.95,
  "episodes": 300,
  "finite_horizon": true,
  "training_date": "21-02-11-01",
  "avg_wear_margin": 137.0516340166667,
  "avg_reward": -0.40899999864399433,
  "avg_violations": 0.0,
  "avg_replacements": 1.0,
  "weighted_score": 0.4236074623868855,
  "t_ss": 15.0,
  "sigma_ss": 0.47812682070786505
}