{
  "algorithm": "DQN",
  "attention_mechanism": null,
  "training_data": "IEEE_01",
  "learning_rate": 0.0005,
  "gamma": 0.95,
  "episodes": 300,
  "finite_horizon": true,
  "training_date": "21-02-11-01",
  "avg_wear_margin": 100.92319246000001,
  "avg_reward": -0.3986666651566823,
  "avg_violations": 0.0,
  "avg_replacements": 1.0,
  "weighted_score": 0.4764064516843077,
  "t_ss": 15.0,
  "sigma_ss": 0.3369137706853364
}