{
  "algorithm": "PPO",
  "attention_mechanism": null,
  "training_data": "IEEE_01",
  "learning_rate": 0.0005,
  "gamma": 0.95,
  "episodes": 300,
  "finite_horizon": true,
  "training_date": "21-02-11-01",
  "avg_wear_margin": 100.90284652,
  "avg_reward": -0.39066666503747305,
  "avg_violations": 0.0,
  "avg_replacements": 1.0,
  "weighted_score": 0.4764518927540182,
  "t_ss": 15.0,
  "sigma_ss": 0.3376136738436187
}