{
  "algorithm": "PPO",
  "attention_mechanism": "SelfAttn",
  "training_data": "IEEE_06",
  "learning_rate": 0.0005,
  "gamma": 0.95,
  "episodes": 300,
  "finite_horizon": true,
  "training_date": "21-02-11-07",
  "avg_wear_margin": 137.03697841666667,
  "avg_reward": -0.3999999985098839,
  "avg_violations": 0.0,
  "avg_replacements": 1.0,
  "weighted_score": 0.42363555896404587,
  "t_ss": 15.0,
  "sigma_ss": 0.480826792250309
}