{
  "algorithm": "PPO",
  "attention_mechanism": "Temporal",
  "training_data": "IEEE_01",
  "learning_rate": 0.0005,
  "gamma": 0.95,
  "episodes": 300,
  "finite_horizon": true,
  "training_date": "21-02-11-07",
  "avg_wear_margin": 100.93069249333335,
  "avg_reward": -0.4083333319673936,
  "avg_violations": 0.0,
  "avg_replacements": 1.0,
  "weighted_score": 0.4763816415980115,
  "t_ss": 15.0,
  "sigma_ss": 0.308229623475272
}