{
  "algorithm": "PPO",
  "attention_mechanism": "NW",
  "training_data": "IEEE_04",
  "learning_rate": 0.0005,
  "gamma": 0.95,
  "episodes": 300,
  "finite_horizon": true,
  "training_date": "21-02-11-07",
  "avg_wear_margin": 148.00409951666663,
  "avg_reward": -0.40166666520138583,
  "avg_violations": 0.0,
  "avg_replacements": 1.0,
  "weighted_score": 0.4115405757345626,
  "t_ss": 15.0,
  "sigma_ss": 1.6326722392049982
}