{
  "algorithm": "PPO",
  "attention_mechanism": null,
  "training_data": "IEEE_06",
  "learning_rate": 0.0005,
  "gamma": 0.95,
  "episodes": 300,
  "finite_horizon": true,
  "training_date": "21-02-11-01",
  "avg_wear_margin": 137.02094742666668,
  "avg_reward": -0.3909999983757734,
  "avg_violations": 0.0,
  "avg_replacements": 1.0,
  "weighted_score": 0.4236652823430466,
  "t_ss": 15.0,
  "sigma_ss": 0.5353341576091685
}