{
  "algorithm": "PPO",
  "attention_mechanism": "NW",
  "training_data": "IEEE_01",
  "learning_rate": 0.0005,
  "gamma": 0.95,
  "episodes": 300,
  "finite_horizon": true,
  "training_date": "21-02-11-07",
  "avg_wear_margin": 100.90200016333334,
  "avg_reward": -0.3899999983608723,
  "avg_violations": 0.0,
  "avg_replacements": 1.0,
  "weighted_score": 0.4764541838405682,
  "t_ss": 15.0,
  "sigma_ss": 0.3736145400345599
}