{
  "algorithm": "REINFORCE",
  "attention_mechanism": "NW",
  "training_data": "IEEE_06",
  "learning_rate": 0.0005,
  "gamma": 0.95,
  "episodes": 300,
  "finite_horizon": true,
  "training_date": "21-02-11-07",
  "avg_wear_margin": 137.01452183333333,
  "avg_reward": -0.40599999859929087,
  "avg_violations": 0.0,
  "avg_replacements": 1.0,
  "weighted_score": 0.4236548683179703,
  "t_ss": 15.0,
  "sigma_ss": 0.4950060054995303
}