{
  "algorithm": "REINFORCE",
  "attention_mechanism": null,
  "training_data": "IEEE_04",
  "learning_rate": 0.0005,
  "gamma": 0.95,
  "episodes": 300,
  "finite_horizon": true,
  "training_date": "21-02-11-01",
  "avg_wear_margin": 147.99251146666666,
  "avg_reward": -0.3963333317885796,
  "avg_violations": 0.0,
  "avg_replacements": 1.0,
  "weighted_score": 0.41155887512473444,
  "t_ss": 15.0,
  "sigma_ss": 1.6411245821067395
}