{
  "algorithm": "REINFORCE",
  "attention_mechanism": "Temporal",
  "training_data": "IEEE_04",
  "learning_rate": 0.0005,
  "gamma": 0.95,
  "episodes": 300,
  "finite_horizon": true,
  "training_date": "21-02-11-07",
  "avg_wear_margin": 148.02559627666662,
  "avg_reward": -0.3959999984502792,
  "avg_violations": 0.0,
  "avg_replacements": 1.0,
  "weighted_score": 0.41152530621833594,
  "t_ss": 15.0,
  "sigma_ss": 1.5384527212404278
}