{
  "algorithm": "REINFORCE",
  "attention_mechanism": "NW",
  "training_data": "IEEE_01",
  "learning_rate": 0.0005,
  "gamma": 0.95,
  "episodes": 300,
  "finite_horizon": true,
  "training_date": "21-02-11-07",
  "avg_wear_margin": 100.91658999333335,
  "avg_reward": -0.40033333184818426,
  "avg_violations": 0.0,
  "avg_replacements": 1.0,
  "weighted_score": 0.47641608167686605,
  "t_ss": 15.0,
  "sigma_ss": 0.33662930825836784
}