{
  "algorithm": "REINFORCE",
  "attention_mechanism": "Temporal",
  "training_data": "IEEE_01",
  "learning_rate": 0.0005,
  "gamma": 0.95,
  "episodes": 300,
  "finite_horizon": true,
  "training_date": "21-02-11-07",
  "avg_wear_margin": 100.89832520000002,
  "avg_reward": -0.3916666650523742,
  "avg_violations": 0.0,
  "avg_replacements": 1.0,
  "weighted_score": 0.4764586584309915,
  "t_ss": 15.0,
  "sigma_ss": 0.3439608411539971
}