{
  "algorithm": "REINFORCE",
  "attention_mechanism": "SelfAttn",
  "training_data": "IEEE_04",
  "learning_rate": 0.0005,
  "gamma": 0.95,
  "episodes": 300,
  "finite_horizon": true,
  "training_date": "21-02-11-07",
  "avg_wear_margin": 147.9940963733333,
  "avg_reward": -0.4043333319077889,
  "avg_violations": 0.0,
  "avg_replacements": 1.0,
  "weighted_score": 0.41154764752859374,
  "t_ss": 15.0,
  "sigma_ss": 1.657162396520201
}