{
  "algorithm": "A2C",
  "attention_mechanism": "NW",
  "training_data": "SIT_7",
  "learning_rate": 0.0001,
  "gamma": 0.99,
  "episodes": 500,
  "finite_horizon": true,
  "training_date": "12-03-08-48",
  "avg_wear_margin": 112.11378000000002,
  "avg_reward": -25.28998565673828,
  "avg_violations": 0.466,
  "avg_replacements": 0.534,
  "weighted_score": 0.3477078211457463,
  "t_ss": 15.0,
  "sigma_ss": 114.32566650594002
}