{
  "algorithm": "A2C",
  "attention_mechanism": "MultiHead",
  "training_data": "SIT_8",
  "learning_rate": 0.0001,
  "gamma": 0.99,
  "episodes": 500,
  "finite_horizon": true,
  "training_date": "12-03-08-48",
  "avg_wear_margin": 103.57367999999997,
  "avg_reward": -26.382404327392578,
  "avg_violations": 0.498,
  "avg_replacements": 0.502,
  "weighted_score": 0.35746407217391696,
  "t_ss": 15.0,
  "sigma_ss": 110.22427130851075
}