{
  "algorithm": "A2C",
  "attention_mechanism": "NW",
  "training_data": "SIT_19",
  "learning_rate": 0.0001,
  "gamma": 0.99,
  "episodes": 500,
  "finite_horizon": true,
  "training_date": "12-03-08-48",
  "avg_wear_margin": 124.23360000000001,
  "avg_reward": -5.635622024536133,
  "avg_violations": 0.308,
  "avg_replacements": 0.692,
  "weighted_score": 0.37135813748454877,
  "t_ss": 15.0,
  "sigma_ss": 104.64326448896678
}