{
  "algorithm": "A2C",
  "attention_mechanism": "MultiHead",
  "training_data": "SIT_19",
  "learning_rate": 0.0001,
  "gamma": 0.99,
  "episodes": 500,
  "finite_horizon": true,
  "training_date": "12-03-08-48",
  "avg_wear_margin": 133.87753999999998,
  "avg_reward": -4.237419128417969,
  "avg_violations": 0.274,
  "avg_replacements": 0.728,
  "weighted_score": 0.3652496477201642,
  "t_ss": 15.0,
  "sigma_ss": 104.83863174903959
}