{
  "algorithm": "A2C",
  "attention_mechanism": "SelfAttn",
  "training_data": "SIT_8",
  "learning_rate": 0.0001,
  "gamma": 0.99,
  "episodes": 500,
  "finite_horizon": true,
  "training_date": "12-03-08-48",
  "avg_wear_margin": 89.49391999999999,
  "avg_reward": -37.2064094543457,
  "avg_violations": 0.618,
  "avg_replacements": 0.382,
  "weighted_score": 0.360843926755402,
  "t_ss": 15.0,
  "sigma_ss": 113.69620191742123
}