{
  "algorithm": "A2C",
  "attention_mechanism": "Temporal",
  "training_data": "SIT_8",
  "learning_rate": 0.0001,
  "gamma": 0.99,
  "episodes": 500,
  "finite_horizon": true,
  "training_date": "12-03-08-48",
  "avg_wear_margin": 170.51131999999998,
  "avg_reward": -2.190595865249634,
  "avg_violations": 0.17,
  "avg_replacements": 0.83,
  "weighted_score": 0.34911391609022785,
  "t_ss": 15.0,
  "sigma_ss": 99.42689479669129
}