{
  "algorithm": "A2C",
  "attention_mechanism": "NW",
  "training_data": "SIT_8",
  "learning_rate": 0.0001,
  "gamma": 0.99,
  "episodes": 500,
  "finite_horizon": true,
  "training_date": "12-03-08-48",
  "avg_wear_margin": 124.18755999999996,
  "avg_reward": -19.10580062866211,
  "avg_violations": 0.398,
  "avg_replacements": 0.602,
  "weighted_score": 0.344331893823726,
  "t_ss": 15.0,
  "sigma_ss": 111.80648537328989
}