{
  "algorithm": "A2C",
  "attention_mechanism": "NW",
  "training_data": "SIT_9",
  "learning_rate": 0.0001,
  "gamma": 0.99,
  "episodes": 500,
  "finite_horizon": true,
  "training_date": "12-03-08-48",
  "avg_wear_margin": 137.45774000000006,
  "avg_reward": -13.006208419799805,
  "avg_violations": 0.328,
  "avg_replacements": 0.672,
  "weighted_score": 0.3430668317667594,
  "t_ss": 15.0,
  "sigma_ss": 112.2791336657683
}