{
  "algorithm": "A2C",
  "attention_mechanism": "SelfAttn",
  "training_data": "SIT_7",
  "learning_rate": 0.0001,
  "gamma": 0.99,
  "episodes": 500,
  "finite_horizon": true,
  "training_date": "12-03-08-48",
  "avg_wear_margin": 106.63472000000003,
  "avg_reward": -34.67338562011719,
  "avg_violations": 0.556,
  "avg_replacements": 0.444,
  "weighted_score": 0.3374567457306123,
  "t_ss": 15.0,
  "sigma_ss": 121.38568150382372
}