{
  "algorithm": "A2C",
  "attention_mechanism": "NW",
  "training_data": "SIT_20",
  "learning_rate": 0.0001,
  "gamma": 0.99,
  "episodes": 500,
  "finite_horizon": true,
  "training_date": "12-03-08-48",
  "avg_wear_margin": 132.92206000000002,
  "avg_reward": 1.2914044857025146,
  "avg_violations": 0.21,
  "avg_replacements": 0.798,
  "weighted_score": 0.3830978123677146,
  "t_ss": 15.0,
  "sigma_ss": 98.32350163906557
}