{
  "algorithm": "DQN",
  "attention_mechanism": "MultiHead",
  "training_data": "SIT_9",
  "learning_rate": 0.0001,
  "gamma": 0.99,
  "episodes": 500,
  "finite_horizon": true,
  "training_date": "12-03-08-48",
  "avg_wear_margin": 250.36000000000013,
  "avg_reward": -0.3986000418663025,
  "avg_violations": 0.0,
  "avg_replacements": 1.0,
  "weighted_score": 0.3613338179958054,
  "t_ss": 15.0,
  "sigma_ss": 8.526512829121202e-14
}