{
  "algorithm": "PPO",
  "attention_mechanism": "SelfAttn",
  "training_data": "SIT_19",
  "learning_rate": 0.0001,
  "gamma": 0.99,
  "episodes": 500,
  "finite_horizon": true,
  "training_date": "12-03-08-48",
  "avg_wear_margin": 243.05832000000004,
  "avg_reward": -0.39800000190734863,
  "avg_violations": 0.0,
  "avg_replacements": 1.0,
  "weighted_score": 0.3622575924722532,
  "t_ss": 15.0,
  "sigma_ss": 0.2649072164948454
}