{
  "algorithm": "REINFORCE",
  "attention_mechanism": "Temporal",
  "training_data": "SIT_20",
  "learning_rate": 0.0001,
  "gamma": 0.99,
  "episodes": 500,
  "finite_horizon": true,
  "training_date": "12-03-10-52",
  "avg_wear_margin": 240.15000000000006,
  "avg_reward": -0.41679999232292175,
  "avg_violations": 0.0,
  "avg_replacements": 1.0,
  "weighted_score": 0.36267590113342396,
  "t_ss": 15.0,
  "sigma_ss": 5.684341886080802e-14
}