{
  "algorithm": "REINFORCE",
  "attention_mechanism": "SelfAttn",
  "training_data": "SIT_8",
  "learning_rate": 0.0001,
  "gamma": 0.99,
  "episodes": 500,
  "finite_horizon": true,
  "training_date": "12-03-08-48",
  "avg_wear_margin": 245.98999999999995,
  "avg_reward": -0.3994000256061554,
  "avg_violations": 0.0,
  "avg_replacements": 1.0,
  "weighted_score": 0.361854821400852,
  "t_ss": 15.0,
  "sigma_ss": 8.526512829121202e-14
}